{
    "WireFrames": [
        {
            "key": 0,
            "name": "My WireFrame",
            "owner": "Avik Kadakia",
            "zoomPercent": 100,
            "components": [
                {
                    "key": 0,
                    "type": "customContainer",
                    "width": 1000,
                    "height": 750,
                    "positionX": 50,
                    "positionY": 50,
                    "positionZ": 0,
                    "text": "Background Container",
                    "fontSize": -1,
                    "backgroundColor": "#ffffff",
                    "borderColor": "#000000",
                    "fontColor": "#000000",
                    "borderThickness": 2,
                    "borderRadius": 2
                },
                {
                    "key": 1,
                    "type": "customLabel",
                    "width": 100,
                    "height": 50,
                    "positionX": 500,
                    "positionY": 100,
                    "positionZ": 1,
                    "text": "My WireFramer",
                    "fontSize": 14,
                    "backgroundColor": "#d6d6d6",
                    "borderColor": "#000000",
                    "fontColor": "#000000",
                    "borderThickness": 2,
                    "borderRadius": 2
                },
                {
                    "key": 2,
                    "type": "customLabel",
                    "width": 100,
                    "height": 50,
                    "positionX": 100,
                    "positionY": 200,
                    "positionZ": 1,
                    "text": "My name is Avik and you are: ",
                    "fontSize": 14,
                    "backgroundColor": "#d6d6d6",
                    "borderColor": "#000000",
                    "fontColor": "#000000",
                    "borderThickness": 2,
                    "borderRadius": 2
                },
                {
                    "key": 3,
                    "type": "customTextField",
                    "width": 100,
                    "height": 50,
                    "positionX": 250,
                    "positionY": 200,
                    "positionZ": 1,
                    "text": "Your Name",
                    "fontSize": 14,
                    "backgroundColor": "#d6d6d6",
                    "borderColor": "#000000",
                    "fontColor": "#000000",
                    "borderThickness": 2,
                    "borderRadius": 2
                },
                {
                    "key": 4,
                    "type": "customButton",
                    "width": 100,
                    "height": 50,
                    "positionX": 150,
                    "positionY": 400,
                    "text": "Share!",
                    "fontSize": 14,
                    "backgroundColor": "#d6d6d6",
                    "borderColor": "#000000",
                    "fontColor": "#000000",
                    "borderThickness": 2,
                    "borderRadius": 2
                }
            ]
        },
        {
            "key": 1,
            "name": "McKenna's WireFrame",
            "owner": "The McKilla Gorilla",
            "zoomPercent": 100,
            "components": [
                {
                    "key": 0,
                    "type": "customContainer",
                    "width": 1000,
                    "height": 750,
                    "positionX": 50,
                    "positionY": 50,
                    "positionZ": 0,
                    "text": "Background Container",
                    "fontSize": -1,
                    "backgroundColor": "#ffffff",
                    "borderColor": "#000000",
                    "fontColor": "#000000",
                    "borderThickness": 2,
                    "borderRadius": 2
                },
                {
                    "key": 1,
                    "type": "customLabel",
                    "width": 100,
                    "height": 50,
                    "positionX": 500,
                    "positionY": 100,
                    "positionZ": 1,
                    "text": "Login",
                    "fontSize": 14,
                    "backgroundColor": "#d6d6d6",
                    "borderColor": "#000000",
                    "fontColor": "#000000",
                    "borderThickness": 2,
                    "borderRadius": 2
                },
                {
                    "key": 2,
                    "type": "customTextField",
                    "width": 100,
                    "height": 50,
                    "positionX": 100,
                    "positionY": 200,
                    "positionZ": 1,
                    "text": "Input",
                    "fontSize": 14,
                    "backgroundColor": "#d6d6d6",
                    "borderColor": "#000000",
                    "fontColor": "#000000",
                    "borderThickness": 2,
                    "borderRadius": 2
                },
                {
                    "key": 3,
                    "type": "customTextField",
                    "width": 100,
                    "height": 50,
                    "positionX": 100,
                    "positionY": 300,
                    "positionZ": 1,
                    "text": "Input",
                    "fontSize": 14,
                    "backgroundColor": "#d6d6d6",
                    "borderColor": "#000000",
                    "fontColor": "#000000",
                    "borderThickness": 2,
                    "borderRadius": 2
                },
                {
                    "key": 4,
                    "type": "customButton",
                    "width": 100,
                    "height": 50,
                    "positionX": 100,
                    "positionY": 400,
                    "text": "Submit",
                    "fontSize": 14,
                    "backgroundColor": "#d6d6d6",
                    "borderColor": "#000000",
                    "fontColor": "#000000",
                    "borderThickness": 2,
                    "borderRadius": 2
                }
            ]
        },
        {
            "key": 2,
            "name": "My Home Page",
            "owner": "Avik Kadakia",
            "zoomPercent" : 100,
            "components": [
                {
                    "key": 0,
                    "type": "customContainer",
                    "width": 1000,
                    "height": 750,
                    "positionX": 50,
                    "positionY": 50,
                    "positionZ": 0,
                    "text": "Background Container",
                    "fontSize": -1,
                    "backgroundColor": "#ffffff",
                    "borderColor": "#000000",
                    "fontColor": "#000000",
                    "borderThickness": 2,
                    "borderRadius": 2
                },
                {
                    "key": 1,
                    "type": "customLabel",
                    "width": 100,
                    "height": 50,
                    "positionX": 500,
                    "positionY": 100,
                    "positionZ": 1,
                    "text": "Welcome to my website.",
                    "fontSize": 14,
                    "backgroundColor": "#d6d6d6",
                    "borderColor": "#000000",
                    "fontColor": "#000000",
                    "borderThickness": 2,
                    "borderRadius": 2
                },
                {
                    "key": 2,
                    "type": "customLabel",
                    "width": 100,
                    "height": 50,
                    "positionX": 100,
                    "positionY": 200,
                    "positionZ": 1,
                    "text": "My name is Avik and its nice to meet you.",
                    "fontSize": 14,
                    "backgroundColor": "#d6d6d6",
                    "borderColor": "#000000",
                    "fontColor": "#000000",
                    "borderThickness": 2,
                    "borderRadius": 2
                },
                {
                    "key": 3,
                    "type": "customLabel",
                    "width": 100,
                    "height": 50,
                    "positionX": 100,
                    "positionY": 300,
                    "positionZ": 1,
                    "text": "I attend Stony Brook University.",
                    "fontSize": 14,
                    "backgroundColor": "#d6d6d6",
                    "borderColor": "#000000",
                    "fontColor": "#000000",
                    "borderThickness": 2,
                    "borderRadius": 2
                },
                {
                    "key": 4,
                    "type": "customButton",
                    "width": 100,
                    "height": 50,
                    "positionX": 100,
                    "positionY": 400,
                    "text": "Close",
                    "fontSize": 14,
                    "backgroundColor": "#d6d6d6",
                    "borderColor": "#000000",
                    "fontColor": "#000000",
                    "borderThickness": 2,
                    "borderRadius": 2
                }
            ]
        },
        {
            "key": 3,
            "name": "CSE 316 Website",
            "owner": "The McKilla Gorilla",
            "zoomPercent" : 100,
            "components": [
                {
                    "key": 0,
                    "type": "customContainer",
                    "width": 1000,
                    "height": 750,
                    "positionX": 50,
                    "positionY": 50,
                    "positionZ": 0,
                    "text": "Background Container",
                    "fontSize": -1,
                    "backgroundColor": "#ffffff",
                    "borderColor": "#000000",
                    "fontColor": "#000000",
                    "borderThickness": 2,
                    "borderRadius": 2
                },
                {
                    "key": 1,
                    "type": "customLabel",
                    "width": 100,
                    "height": 50,
                    "positionX": 500,
                    "positionY": 200,
                    "positionZ": 1,
                    "text": "CSE 316 - Fall 2019",
                    "fontSize": 24,
                    "backgroundColor": "#d6d6d6",
                    "borderColor": "#000000",
                    "fontColor": "#000000",
                    "borderThickness": 2,
                    "borderRadius": 2
                },
                {
                    "key": 2,
                    "type": "customLabel",
                    "width": 100,
                    "height": 50,
                    "positionX": 500,
                    "positionY": 200,
                    "positionZ": 1,
                    "text": "Fundamentals of Software Development",
                    "fontSize": 24,
                    "backgroundColor": "#d6d6d6",
                    "borderColor": "#000000",
                    "fontColor": "#000000",
                    "borderThickness": 2,
                    "borderRadius": 2
                },
                {
                    "key": 3,
                    "type": "customLabel",
                    "width": 100,
                    "height": 50,
                    "positionX": 100,
                    "positionY": 100,
                    "positionZ": 1,
                    "text": "Home",
                    "fontSize": 20,
                    "backgroundColor": "#d6d6d6",
                    "borderColor": "#000000",
                    "fontColor": "#000000",
                    "borderThickness": 2,
                    "borderRadius": 2
                },
                {
                    "key": 4,
                    "type": "customLabel",
                    "width": 100,
                    "height": 50,
                    "positionX": 200,
                    "positionY": 100,
                    "positionZ": 1,
                    "text": "Syllabus",
                    "fontSize": 16,
                    "backgroundColor": "#d6d6d6",
                    "borderColor": "#000000",
                    "fontColor": "#000000",
                    "borderThickness": 2,
                    "borderRadius": 2
                },
                {
                    "key": 5,
                    "type": "customLabel",
                    "width": 100,
                    "height": 50,
                    "positionX": 300,
                    "positionY": 100,
                    "positionZ": 1,
                    "text": "Schedule",
                    "fontSize": 16,
                    "backgroundColor": "#d6d6d6",
                    "borderColor": "#000000",
                    "fontColor": "#000000",
                    "borderThickness": 2,
                    "borderRadius": 2
                },
                {
                    "key": 6,
                    "type": "customLabel",
                    "width": 100,
                    "height": 50,
                    "positionX": 500,
                    "positionY": 100,
                    "positionZ": 1,
                    "text": "Stony Brook University",
                    "fontSize": 16,
                    "backgroundColor": "#d6d6d6",
                    "borderColor": "#000000",
                    "fontColor": "#000000",
                    "borderThickness": 2,
                    "borderRadius": 2
                }
            ]
        }
    ],

    "users": [
        {
            "firstName": "Avik",
            "lastName": "Kadakia",
            "initials": "AK",
            "isAdmin": true
        },
        {
            "firstName": "The McKilla",
            "lastName": "Gorilla",
            "initials": "TG",
            "isAdmin": false
        }
    ]
}