{
  "IcoMoonType": "selection",
  "icons": [
    {
      "icon": {
        "paths": [
          "M917.806 229.076c-22.212-30.292-53.174-65.7-87.178-99.704s-69.412-64.964-99.704-87.178c-51.574-37.82-76.592-42.194-90.924-42.194h-496c-44.112 0-80 35.888-80 80v864c0 44.112 35.888 80 80 80h736c44.112 0 80-35.888 80-80v-624c0-14.332-4.372-39.35-42.194-90.924zM785.374 174.626c30.7 30.7 54.8 58.398 72.58 81.374h-153.954v-153.946c22.984 17.78 50.678 41.878 81.374 72.572zM896 944c0 8.672-7.328 16-16 16h-736c-8.672 0-16-7.328-16-16v-864c0-8.672 7.328-16 16-16 0 0 495.956-0.002 496 0v224c0 17.672 14.326 32 32 32h224v624z"
        ],
        "attrs": [],
        "isMulticolor": false,
        "isMulticolor2": false,
        "tags": [
          "file-empty",
          "file",
          "document",
          "paper",
          "page",
          "new",
          "empty",
          "blank"
        ],
        "defaultCode": 59684,
        "grid": 16
      },
      "attrs": [],
      "properties": {
        "ligatures": "file-empty, file3",
        "name": "new",
        "id": 36,
        "order": 44,
        "prevSize": 32,
        "code": 59684
      },
      "setIdx": 0,
      "setId": 2,
      "iconIdx": 36
    },
    {
      "icon": {
        "paths": [
          "M896 512h-160l-224 224-224-224h-160l-128 256v64h1024v-64l-128-256zM0 896h1024v64h-1024v-64zM576 320v-256h-128v256h-224l288 288 288-288h-224z"
        ],
        "attrs": [],
        "isMulticolor": false,
        "isMulticolor2": false,
        "tags": [
          "download",
          "save",
          "store"
        ],
        "defaultCode": 59845,
        "grid": 16
      },
      "attrs": [],
      "properties": {
        "ligatures": "download2, save4",
        "name": "save",
        "id": 197,
        "order": 46,
        "prevSize": 32,
        "code": 59845
      },
      "setIdx": 0,
      "setId": 2,
      "iconIdx": 197
    },
    {
      "icon": {
        "paths": [
          "M864 704c-45.16 0-85.92 18.738-115.012 48.83l-431.004-215.502c1.314-8.252 2.016-16.706 2.016-25.328s-0.702-17.076-2.016-25.326l431.004-215.502c29.092 30.090 69.852 48.828 115.012 48.828 88.366 0 160-71.634 160-160s-71.634-160-160-160-160 71.634-160 160c0 8.622 0.704 17.076 2.016 25.326l-431.004 215.504c-29.092-30.090-69.852-48.83-115.012-48.83-88.366 0-160 71.636-160 160 0 88.368 71.634 160 160 160 45.16 0 85.92-18.738 115.012-48.828l431.004 215.502c-1.312 8.25-2.016 16.704-2.016 25.326 0 88.368 71.634 160 160 160s160-71.632 160-160c0-88.364-71.634-160-160-160z"
        ],
        "attrs": [],
        "isMulticolor": false,
        "isMulticolor2": false,
        "tags": [
          "share",
          "social"
        ],
        "defaultCode": 60034,
        "grid": 16
      },
      "attrs": [],
      "properties": {
        "ligatures": "share2, social",
        "name": "share",
        "id": 386,
        "order": 47,
        "prevSize": 32,
        "code": 60034
      },
      "setIdx": 0,
      "setId": 2,
      "iconIdx": 386
    },
    {
      "icon": {
        "paths": [
          "M1024 0v1024h-1024v-1024h1024zM960 64h-896v896h896v-896z",
          "M896 128h-320v768h320v-768z"
        ],
        "attrs": [
          {},
          {}
        ],
        "isMulticolor": false,
        "isMulticolor2": false,
        "grid": 0,
        "tags": [
          "sidebar-right"
        ]
      },
      "attrs": [
        {},
        {}
      ],
      "properties": {
        "order": 43,
        "id": 16,
        "name": "sidebar-right",
        "prevSize": 32,
        "code": 59662
      },
      "setIdx": 1,
      "setId": 1,
      "iconIdx": 0
    },
    {
      "icon": {
        "paths": [
          "M0 0v1024h1024v-1024h-1024zM64 64h896v896h-896v-896z",
          "M128 128h320v768h-320v-768z"
        ],
        "attrs": [
          {},
          {}
        ],
        "isMulticolor": false,
        "isMulticolor2": false,
        "grid": 0,
        "tags": [
          "sidebar-left"
        ]
      },
      "attrs": [
        {},
        {}
      ],
      "properties": {
        "order": 42,
        "id": 15,
        "name": "sidebar-left",
        "prevSize": 32,
        "code": 59663
      },
      "setIdx": 1,
      "setId": 1,
      "iconIdx": 1
    },
    {
      "icon": {
        "paths": [
          "M280 0h64v1024h-64v-1024z",
          "M0 640.001h224v384h-224v-384z",
          "M680 0h64v1024h-64v-1024z",
          "M800 0h224v384h-224v-384z",
          "M400 361.269h224v384h-224v-384z"
        ],
        "attrs": [
          {},
          {},
          {},
          {},
          {}
        ],
        "isMulticolor": false,
        "isMulticolor2": false,
        "grid": 0,
        "tags": [
          "distribute-h2"
        ]
      },
      "attrs": [
        {},
        {},
        {},
        {},
        {}
      ],
      "properties": {
        "order": 39,
        "id": 13,
        "name": "distribute-h2",
        "prevSize": 32,
        "code": 59658
      },
      "setIdx": 1,
      "setId": 1,
      "iconIdx": 2
    },
    {
      "icon": {
        "paths": [
          "M1024 280v64h-1024v-64h1024z",
          "M384 0v224h-384v-224h384z",
          "M1024 680v64h-1024v-64h1024z",
          "M1024 800v224h-384v-224h384z",
          "M662.731 400v224h-384v-224h384z"
        ],
        "attrs": [
          {},
          {},
          {},
          {},
          {}
        ],
        "isMulticolor": false,
        "isMulticolor2": false,
        "grid": 0,
        "tags": [
          "distribute-v2"
        ]
      },
      "attrs": [
        {},
        {},
        {},
        {},
        {}
      ],
      "properties": {
        "order": 38,
        "id": 12,
        "name": "distribute-v2",
        "prevSize": 32,
        "code": 59659
      },
      "setIdx": 1,
      "setId": 1,
      "iconIdx": 3
    },
    {
      "icon": {
        "paths": [
          "M0 0v704h192v-704h-192zM64 68.812h64v571.187h-64v-571.187z",
          "M832 128v896h192v-896h-192zM896 192h64v768h-64v-768z",
          "M416 256v640h192v-640h-192zM480 319.375h64v512.625h-64v-512.625z",
          "M672 381.999h96v192h-96v-192z",
          "M256 381.999h96v192h-96v-192z"
        ],
        "attrs": [
          {},
          {},
          {},
          {},
          {}
        ],
        "isMulticolor": false,
        "isMulticolor2": false,
        "grid": 0,
        "tags": [
          "distribute-h"
        ]
      },
      "attrs": [
        {},
        {},
        {},
        {},
        {}
      ],
      "properties": {
        "order": 40,
        "id": 11,
        "name": "distribute-h",
        "prevSize": 32,
        "code": 59660
      },
      "setIdx": 1,
      "setId": 1,
      "iconIdx": 4
    },
    {
      "icon": {
        "paths": [
          "M1024.001 0h-704v192h704v-192zM955.188 64v64h-571.187v-64h571.187z",
          "M896.001 832h-896v192h896v-192zM832.001 896v64h-768v-64h768z",
          "M768.001 416h-640v192h640v-192zM704.626 480v64h-512.625v-64h512.625z",
          "M642.002 672v96h-192v-96h192z",
          "M642.002 256v96h-192v-96h192z"
        ],
        "attrs": [
          {},
          {},
          {},
          {},
          {}
        ],
        "isMulticolor": false,
        "isMulticolor2": false,
        "grid": 0,
        "tags": [
          "distribute-v"
        ]
      },
      "attrs": [
        {},
        {},
        {},
        {},
        {}
      ],
      "properties": {
        "order": 36,
        "id": 10,
        "name": "distribute-v",
        "prevSize": 32,
        "code": 59661
      },
      "setIdx": 1,
      "setId": 1,
      "iconIdx": 5
    },
    {
      "icon": {
        "paths": [
          "M448 0h128v1024h-128v-1024z",
          "M96 607.999h832v224h-832v-224z",
          "M240 192.001h544v224h-544v-224z"
        ],
        "attrs": [
          {},
          {},
          {}
        ],
        "isMulticolor": false,
        "isMulticolor2": false,
        "grid": 0,
        "tags": [
          "align-h-center"
        ]
      },
      "attrs": [
        {},
        {},
        {}
      ],
      "properties": {
        "order": 34,
        "id": 9,
        "name": "align-h-center",
        "prevSize": 32,
        "code": 59648
      },
      "setIdx": 1,
      "setId": 1,
      "iconIdx": 6
    },
    {
      "icon": {
        "paths": [
          "M0 0h128v1024h-128v-1024z",
          "M192 608h832v224h-832v-224z",
          "M192 192h544v224h-544v-224z"
        ],
        "attrs": [
          {},
          {},
          {}
        ],
        "isMulticolor": false,
        "isMulticolor2": false,
        "grid": 0,
        "tags": [
          "align-h-left"
        ]
      },
      "attrs": [
        {},
        {},
        {}
      ],
      "properties": {
        "order": 33,
        "id": 8,
        "name": "align-h-left",
        "prevSize": 32,
        "code": 59649
      },
      "setIdx": 1,
      "setId": 1,
      "iconIdx": 7
    },
    {
      "icon": {
        "paths": [
          "M1024 0h-128v1024h128v-1024z",
          "M832 607.999h-832v224h832v-224z",
          "M832 192.001h-544v224h544v-224z"
        ],
        "attrs": [
          {},
          {},
          {}
        ],
        "isMulticolor": false,
        "isMulticolor2": false,
        "grid": 0,
        "tags": [
          "align-h-right"
        ]
      },
      "attrs": [
        {},
        {},
        {}
      ],
      "properties": {
        "order": 32,
        "id": 7,
        "name": "align-h-right",
        "prevSize": 32,
        "code": 59650
      },
      "setIdx": 1,
      "setId": 1,
      "iconIdx": 8
    },
    {
      "icon": {
        "paths": [
          "M1023.999 1024v-128h-1024v128h1024z",
          "M416.002 832v-832h-224v832h224z",
          "M831.999 832v-544h-224v544h224z"
        ],
        "attrs": [
          {},
          {},
          {}
        ],
        "isMulticolor": false,
        "isMulticolor2": false,
        "grid": 0,
        "tags": [
          "align-v-bottom"
        ]
      },
      "attrs": [
        {},
        {},
        {}
      ],
      "properties": {
        "order": 31,
        "id": 6,
        "name": "align-v-bottom",
        "prevSize": 32,
        "code": 59651
      },
      "setIdx": 1,
      "setId": 1,
      "iconIdx": 9
    },
    {
      "icon": {
        "paths": [
          "M1024 448v128h-1024v-128h1024z",
          "M416.005 96v832h-224v-832h224z",
          "M832 240v544h-224v-544h224z"
        ],
        "attrs": [
          {},
          {},
          {}
        ],
        "isMulticolor": false,
        "isMulticolor2": false,
        "grid": 0,
        "tags": [
          "align-v-center"
        ]
      },
      "attrs": [
        {},
        {},
        {}
      ],
      "properties": {
        "order": 30,
        "id": 5,
        "name": "align-v-center",
        "prevSize": 32,
        "code": 59652
      },
      "setIdx": 1,
      "setId": 1,
      "iconIdx": 10
    },
    {
      "icon": {
        "paths": [
          "M1024-0v128h-1024v-128h1024z",
          "M416 192v832h-224v-832h224z",
          "M832 192v544h-224v-544h224z"
        ],
        "attrs": [
          {},
          {},
          {}
        ],
        "isMulticolor": false,
        "isMulticolor2": false,
        "grid": 0,
        "tags": [
          "align-v-top"
        ]
      },
      "attrs": [
        {},
        {},
        {}
      ],
      "properties": {
        "order": 29,
        "id": 4,
        "name": "align-v-top",
        "prevSize": 32,
        "code": 59653
      },
      "setIdx": 1,
      "setId": 1,
      "iconIdx": 11
    },
    {
      "icon": {
        "paths": [
          "M288-0h736v736h-736v-736z",
          "M0 320v704h704v-224h-128v96h-448v-448h96v-128h-224z"
        ],
        "attrs": [
          {},
          {}
        ],
        "isMulticolor": false,
        "isMulticolor2": false,
        "grid": 0,
        "tags": [
          "bring-forwards"
        ]
      },
      "attrs": [
        {},
        {}
      ],
      "properties": {
        "order": 28,
        "id": 3,
        "name": "bring-forwards",
        "prevSize": 32,
        "code": 59654
      },
      "setIdx": 1,
      "setId": 1,
      "iconIdx": 12
    },
    {
      "icon": {
        "paths": [
          "M0 0v480h224v-128h-96v-224h224v96h128v-224h-480z",
          "M288 288.001h448v448h-448v-448z",
          "M1024 1024.001v-480h-224v128h96v224h-224v-96h-128v224h480z"
        ],
        "attrs": [
          {},
          {},
          {}
        ],
        "isMulticolor": false,
        "isMulticolor2": false,
        "grid": 0,
        "tags": [
          "bring-to-front"
        ]
      },
      "attrs": [
        {},
        {},
        {}
      ],
      "properties": {
        "order": 35,
        "id": 2,
        "name": "bring-to-front",
        "prevSize": 32,
        "code": 59655
      },
      "setIdx": 1,
      "setId": 1,
      "iconIdx": 13
    },
    {
      "icon": {
        "paths": [
          "M288 0v736h736v-736h-736zM416 128h480v480h-480v-480z",
          "M0 320v704h704v-224h-480v-480h-224z"
        ],
        "attrs": [
          {},
          {}
        ],
        "isMulticolor": false,
        "isMulticolor2": false,
        "grid": 0,
        "tags": [
          "send-backwards"
        ]
      },
      "attrs": [
        {},
        {}
      ],
      "properties": {
        "order": 26,
        "id": 1,
        "name": "send-backwards",
        "prevSize": 32,
        "code": 59656
      },
      "setIdx": 1,
      "setId": 1,
      "iconIdx": 14
    },
    {
      "icon": {
        "paths": [
          "M0 0v480h480v-480h-480zM128 128h224v224h-224v-224z",
          "M544 544v480h480v-480h-480zM672 672h224v224h-224v-224z",
          "M544 288.001h192v192h-192v-192z",
          "M288 544.001h192v192h-192v-192z",
          "M480 796.858h2.857v5.714h-2.857v-5.714z"
        ],
        "attrs": [
          {},
          {},
          {},
          {},
          {}
        ],
        "isMulticolor": false,
        "isMulticolor2": false,
        "grid": 0,
        "tags": [
          "send-to-back"
        ]
      },
      "attrs": [
        {},
        {},
        {},
        {},
        {}
      ],
      "properties": {
        "order": 27,
        "id": 0,
        "name": "send-to-back",
        "prevSize": 32,
        "code": 59657
      },
      "setIdx": 1,
      "setId": 1,
      "iconIdx": 15
    },
    {
      "icon": {
        "paths": [
          "M658.286 475.429q0-105.714-75.143-180.857t-180.857-75.143-180.857 75.143-75.143 180.857 75.143 180.857 180.857 75.143 180.857-75.143 75.143-180.857zM950.857 950.857q0 29.714-21.714 51.429t-51.429 21.714q-30.857 0-51.429-21.714l-196-195.429q-102.286 70.857-228 70.857-81.714 0-156.286-31.714t-128.571-85.714-85.714-128.571-31.714-156.286 31.714-156.286 85.714-128.571 128.571-85.714 156.286-31.714 156.286 31.714 128.571 85.714 85.714 128.571 31.714 156.286q0 125.714-70.857 228l196 196q21.143 21.143 21.143 51.429z"
        ],
        "width": 950.8559875488281,
        "attrs": [],
        "isMulticolor": false,
        "tags": [
          "search"
        ],
        "defaultCode": 61442,
        "grid": 14
      },
      "attrs": [],
      "properties": {
        "name": "search",
        "id": 2,
        "order": 16,
        "prevSize": 32,
        "code": 61442
      },
      "setIdx": 1,
      "setId": 1,
      "iconIdx": 16
    },
    {
      "icon": {
        "paths": [
          "M585.143 457.143v36.571q0 7.429-5.429 12.857t-12.857 5.429h-128v128q0 7.429-5.429 12.857t-12.857 5.429h-36.571q-7.429 0-12.857-5.429t-5.429-12.857v-128h-128q-7.429 0-12.857-5.429t-5.429-12.857v-36.571q0-7.429 5.429-12.857t12.857-5.429h128v-128q0-7.429 5.429-12.857t12.857-5.429h36.571q7.429 0 12.857 5.429t5.429 12.857v128h128q7.429 0 12.857 5.429t5.429 12.857zM658.286 475.429q0-105.714-75.143-180.857t-180.857-75.143-180.857 75.143-75.143 180.857 75.143 180.857 180.857 75.143 180.857-75.143 75.143-180.857zM950.857 950.857q0 30.286-21.429 51.714t-51.714 21.429q-30.857 0-51.429-21.714l-196-195.429q-102.286 70.857-228 70.857-81.714 0-156.286-31.714t-128.571-85.714-85.714-128.571-31.714-156.286 31.714-156.286 85.714-128.571 128.571-85.714 156.286-31.714 156.286 31.714 128.571 85.714 85.714 128.571 31.714 156.286q0 125.714-70.857 228l196 196q21.143 21.143 21.143 51.429z"
        ],
        "width": 950.8559875488281,
        "attrs": [],
        "isMulticolor": false,
        "tags": [
          "search-plus"
        ],
        "defaultCode": 61454,
        "grid": 14
      },
      "attrs": [],
      "properties": {
        "name": "search-plus",
        "id": 14,
        "order": 17,
        "prevSize": 32,
        "code": 61454
      },
      "setIdx": 1,
      "setId": 1,
      "iconIdx": 17
    },
    {
      "icon": {
        "paths": [
          "M585.143 457.143v36.571q0 7.429-5.429 12.857t-12.857 5.429h-329.143q-7.429 0-12.857-5.429t-5.429-12.857v-36.571q0-7.429 5.429-12.857t12.857-5.429h329.143q7.429 0 12.857 5.429t5.429 12.857zM658.286 475.429q0-105.714-75.143-180.857t-180.857-75.143-180.857 75.143-75.143 180.857 75.143 180.857 180.857 75.143 180.857-75.143 75.143-180.857zM950.857 950.857q0 30.286-21.429 51.714t-51.714 21.429q-30.857 0-51.429-21.714l-196-195.429q-102.286 70.857-228 70.857-81.714 0-156.286-31.714t-128.571-85.714-85.714-128.571-31.714-156.286 31.714-156.286 85.714-128.571 128.571-85.714 156.286-31.714 156.286 31.714 128.571 85.714 85.714 128.571 31.714 156.286q0 125.714-70.857 228l196 196q21.143 21.143 21.143 51.429z"
        ],
        "width": 950.8559875488281,
        "attrs": [],
        "isMulticolor": false,
        "tags": [
          "search-minus"
        ],
        "defaultCode": 61456,
        "grid": 14
      },
      "attrs": [],
      "properties": {
        "name": "search-minus",
        "id": 15,
        "order": 18,
        "prevSize": 32,
        "code": 61456
      },
      "setIdx": 1,
      "setId": 1,
      "iconIdx": 18
    },
    {
      "icon": {
        "paths": [
          "M292.571 420.571v329.143q0 8-5.143 13.143t-13.143 5.143h-36.571q-8 0-13.143-5.143t-5.143-13.143v-329.143q0-8 5.143-13.143t13.143-5.143h36.571q8 0 13.143 5.143t5.143 13.143zM438.857 420.571v329.143q0 8-5.143 13.143t-13.143 5.143h-36.571q-8 0-13.143-5.143t-5.143-13.143v-329.143q0-8 5.143-13.143t13.143-5.143h36.571q8 0 13.143 5.143t5.143 13.143zM585.143 420.571v329.143q0 8-5.143 13.143t-13.143 5.143h-36.571q-8 0-13.143-5.143t-5.143-13.143v-329.143q0-8 5.143-13.143t13.143-5.143h36.571q8 0 13.143 5.143t5.143 13.143zM658.286 834.286v-541.714h-512v541.714q0 12.571 4 23.143t8.286 15.429 6 4.857h475.429q1.714 0 6-4.857t8.286-15.429 4-23.143zM274.286 219.429h256l-27.429-66.857q-4-5.143-9.714-6.286h-181.143q-5.714 1.143-9.714 6.286zM804.571 237.714v36.571q0 8-5.143 13.143t-13.143 5.143h-54.857v541.714q0 47.429-26.857 82t-64.571 34.571h-475.429q-37.714 0-64.571-33.429t-26.857-80.857v-544h-54.857q-8 0-13.143-5.143t-5.143-13.143v-36.571q0-8 5.143-13.143t13.143-5.143h176.571l40-95.429q8.571-21.143 30.857-36t45.143-14.857h182.857q22.857 0 45.143 14.857t30.857 36l40 95.429h176.571q8 0 13.143 5.143t5.143 13.143z"
        ],
        "width": 804.5710134506226,
        "attrs": [],
        "isMulticolor": false,
        "tags": [
          "trash-o"
        ],
        "defaultCode": 61460,
        "grid": 14
      },
      "attrs": [],
      "properties": {
        "name": "delete",
        "id": 19,
        "order": 21,
        "prevSize": 32,
        "code": 61460
      },
      "setIdx": 1,
      "setId": 1,
      "iconIdx": 19
    },
    {
      "icon": {
        "paths": [
          "M1024 768v73.143q0 14.857-10.857 25.714t-25.714 10.857h-950.857q-14.857 0-25.714-10.857t-10.857-25.714v-73.143q0-14.857 10.857-25.714t25.714-10.857h950.857q14.857 0 25.714 10.857t10.857 25.714zM804.571 548.571v73.143q0 14.857-10.857 25.714t-25.714 10.857h-731.429q-14.857 0-25.714-10.857t-10.857-25.714v-73.143q0-14.857 10.857-25.714t25.714-10.857h731.429q14.857 0 25.714 10.857t10.857 25.714zM950.857 329.143v73.143q0 14.857-10.857 25.714t-25.714 10.857h-877.714q-14.857 0-25.714-10.857t-10.857-25.714v-73.143q0-14.857 10.857-25.714t25.714-10.857h877.714q14.857 0 25.714 10.857t10.857 25.714zM731.429 109.714v73.143q0 14.857-10.857 25.714t-25.714 10.857h-658.286q-14.857 0-25.714-10.857t-10.857-25.714v-73.143q0-14.857 10.857-25.714t25.714-10.857h658.286q14.857 0 25.714 10.857t10.857 25.714z"
        ],
        "width": 1023.9999656677246,
        "attrs": [],
        "isMulticolor": false,
        "tags": [
          "align-left"
        ],
        "defaultCode": 61494,
        "grid": 14
      },
      "attrs": [],
      "properties": {
        "name": "align-left",
        "id": 51,
        "order": 12,
        "prevSize": 32,
        "code": 61494
      },
      "setIdx": 1,
      "setId": 1,
      "iconIdx": 20
    },
    {
      "icon": {
        "paths": [
          "M1024 768v73.143q0 14.857-10.857 25.714t-25.714 10.857h-950.857q-14.857 0-25.714-10.857t-10.857-25.714v-73.143q0-14.857 10.857-25.714t25.714-10.857h950.857q14.857 0 25.714 10.857t10.857 25.714zM804.571 548.571v73.143q0 14.857-10.857 25.714t-25.714 10.857h-512q-14.857 0-25.714-10.857t-10.857-25.714v-73.143q0-14.857 10.857-25.714t25.714-10.857h512q14.857 0 25.714 10.857t10.857 25.714zM950.857 329.143v73.143q0 14.857-10.857 25.714t-25.714 10.857h-804.571q-14.857 0-25.714-10.857t-10.857-25.714v-73.143q0-14.857 10.857-25.714t25.714-10.857h804.571q14.857 0 25.714 10.857t10.857 25.714zM731.429 109.714v73.143q0 14.857-10.857 25.714t-25.714 10.857h-365.714q-14.857 0-25.714-10.857t-10.857-25.714v-73.143q0-14.857 10.857-25.714t25.714-10.857h365.714q14.857 0 25.714 10.857t10.857 25.714z"
        ],
        "width": 1024.0010032653809,
        "attrs": [],
        "isMulticolor": false,
        "tags": [
          "align-center"
        ],
        "defaultCode": 61495,
        "grid": 14
      },
      "attrs": [],
      "properties": {
        "name": "align-center",
        "id": 52,
        "order": 13,
        "prevSize": 32,
        "code": 61495
      },
      "setIdx": 1,
      "setId": 1,
      "iconIdx": 21
    },
    {
      "icon": {
        "paths": [
          "M1024 768v73.143q0 14.857-10.857 25.714t-25.714 10.857h-950.857q-14.857 0-25.714-10.857t-10.857-25.714v-73.143q0-14.857 10.857-25.714t25.714-10.857h950.857q14.857 0 25.714 10.857t10.857 25.714zM1024 548.571v73.143q0 14.857-10.857 25.714t-25.714 10.857h-731.429q-14.857 0-25.714-10.857t-10.857-25.714v-73.143q0-14.857 10.857-25.714t25.714-10.857h731.429q14.857 0 25.714 10.857t10.857 25.714zM1024 329.143v73.143q0 14.857-10.857 25.714t-25.714 10.857h-877.714q-14.857 0-25.714-10.857t-10.857-25.714v-73.143q0-14.857 10.857-25.714t25.714-10.857h877.714q14.857 0 25.714 10.857t10.857 25.714zM1024 109.714v73.143q0 14.857-10.857 25.714t-25.714 10.857h-658.286q-14.857 0-25.714-10.857t-10.857-25.714v-73.143q0-14.857 10.857-25.714t25.714-10.857h658.286q14.857 0 25.714 10.857t10.857 25.714z"
        ],
        "width": 1024.0010032653809,
        "attrs": [],
        "isMulticolor": false,
        "tags": [
          "align-right"
        ],
        "defaultCode": 61496,
        "grid": 14
      },
      "attrs": [],
      "properties": {
        "name": "align-right",
        "id": 53,
        "order": 14,
        "prevSize": 32,
        "code": 61496
      },
      "setIdx": 1,
      "setId": 1,
      "iconIdx": 22
    },
    {
      "icon": {
        "paths": [
          "M1024 768v73.143q0 14.857-10.857 25.714t-25.714 10.857h-950.857q-14.857 0-25.714-10.857t-10.857-25.714v-73.143q0-14.857 10.857-25.714t25.714-10.857h950.857q14.857 0 25.714 10.857t10.857 25.714zM1024 548.571v73.143q0 14.857-10.857 25.714t-25.714 10.857h-950.857q-14.857 0-25.714-10.857t-10.857-25.714v-73.143q0-14.857 10.857-25.714t25.714-10.857h950.857q14.857 0 25.714 10.857t10.857 25.714zM1024 329.143v73.143q0 14.857-10.857 25.714t-25.714 10.857h-950.857q-14.857 0-25.714-10.857t-10.857-25.714v-73.143q0-14.857 10.857-25.714t25.714-10.857h950.857q14.857 0 25.714 10.857t10.857 25.714zM1024 109.714v73.143q0 14.857-10.857 25.714t-25.714 10.857h-950.857q-14.857 0-25.714-10.857t-10.857-25.714v-73.143q0-14.857 10.857-25.714t25.714-10.857h950.857q14.857 0 25.714 10.857t10.857 25.714z"
        ],
        "width": 1024.0010032653809,
        "attrs": [],
        "isMulticolor": false,
        "tags": [
          "align-justify"
        ],
        "defaultCode": 61497,
        "grid": 14
      },
      "attrs": [],
      "properties": {
        "name": "align-justify",
        "id": 54,
        "order": 15,
        "prevSize": 32,
        "code": 61497
      },
      "setIdx": 1,
      "setId": 1,
      "iconIdx": 23
    },
    {
      "icon": {
        "paths": [
          "M804.571 420.571v109.714q0 22.857-16 38.857t-38.857 16h-237.714v237.714q0 22.857-16 38.857t-38.857 16h-109.714q-22.857 0-38.857-16t-16-38.857v-237.714h-237.714q-22.857 0-38.857-16t-16-38.857v-109.714q0-22.857 16-38.857t38.857-16h237.714v-237.714q0-22.857 16-38.857t38.857-16h109.714q22.857 0 38.857 16t16 38.857v237.714h237.714q22.857 0 38.857 16t16 38.857z"
        ],
        "width": 804.5719833374023,
        "attrs": [],
        "isMulticolor": false,
        "tags": [
          "plus"
        ],
        "defaultCode": 61543,
        "grid": 14
      },
      "attrs": [],
      "properties": {
        "name": "plus",
        "id": 97,
        "order": 19,
        "prevSize": 32,
        "code": 61543
      },
      "setIdx": 1,
      "setId": 1,
      "iconIdx": 24
    },
    {
      "icon": {
        "paths": [
          "M804.571 420.571v109.714q0 22.857-16 38.857t-38.857 16h-694.857q-22.857 0-38.857-16t-16-38.857v-109.714q0-22.857 16-38.857t38.857-16h694.857q22.857 0 38.857 16t16 38.857z"
        ],
        "width": 804.5709762573242,
        "attrs": [],
        "isMulticolor": false,
        "tags": [
          "minus"
        ],
        "defaultCode": 61544,
        "grid": 14
      },
      "attrs": [],
      "properties": {
        "name": "minus",
        "id": 98,
        "order": 20,
        "prevSize": 32,
        "code": 61544
      },
      "setIdx": 1,
      "setId": 1,
      "iconIdx": 25
    },
    {
      "icon": {
        "paths": [
          "M548.571 512q14.857 0 25.714 10.857t10.857 25.714-10.857 25.714-25.714 10.857-25.714-10.857-10.857-25.714 10.857-25.714 25.714-10.857zM720 548.571l289.714 227.429q16 11.429 14.286 32-2.857 20-20 29.143l-73.143 36.571q-7.429 4-16.571 4-9.714 0-17.714-4.571l-394.286-221.143-62.857 37.714q-4.571 2.286-6.857 2.857 8 28 5.714 55.429-4 44-32 84.286t-75.429 70.571q-75.429 48-158.286 48-77.714 0-126.857-44.571-51.429-48-45.143-118.286 4-43.429 32-84t74.857-70.857q75.429-48 158.857-48 47.429 0 86.286 17.714 5.143-7.429 12.571-12.571l69.714-41.714-69.714-41.714q-7.429-5.143-12.571-12.571-38.857 17.714-86.286 17.714-83.429 0-158.857-48-46.857-30.286-74.857-70.857t-32-84q-2.857-33.714 8.857-64.571t36.286-53.143q48.571-45.143 126.857-45.143 82.857 0 158.286 48 47.429 29.714 75.429 70.286t32 84.571q2.286 27.429-5.714 55.429 2.286 0.571 6.857 2.857l62.857 37.714 394.286-221.143q8-4.571 17.714-4.571 9.143 0 16.571 4l73.143 36.571q17.143 9.143 20 29.143 1.714 20.571-14.286 32zM330.857 400q26.286-24 12-61.714t-60.571-66.857q-52.571-33.714-109.714-33.714-42.286 0-64.571 20.571-26.286 24-12 61.714t60.571 66.857q52.571 33.714 109.714 33.714 42.286 0 64.571-20.571zM282.286 825.714q46.286-29.143 60.571-66.857t-12-61.714q-22.286-20.571-64.571-20.571-57.143 0-109.714 33.714-46.286 29.143-60.571 66.857t12 61.714q22.286 20.571 64.571 20.571 57.143 0 109.714-33.714zM384 475.429l54.857 33.143v-6.286q0-20.571 18.857-32l8-4.571-45.143-26.857-14.857 14.857q-1.714 1.714-5.714 6.286t-6.857 6.857q-1.143 1.143-2.286 2t-1.714 1.429zM512 603.429l54.857 18.286 420.571-329.143-73.143-36.571-438.857 246.286v64.571l-91.429 54.857 5.143 4.571q1.143 1.143 4 3.429 2.286 2.286 6.286 6.857t6.286 6.857l14.857 14.857zM914.286 841.143l73.143-36.571-297.143-233.143-101.143 78.857q-1.143 1.714-7.429 4z"
        ],
        "width": 1019.9989471435547,
        "attrs": [],
        "isMulticolor": false,
        "tags": [
          "cut",
          "scissors"
        ],
        "defaultCode": 61636,
        "grid": 14
      },
      "attrs": [],
      "properties": {
        "name": "cut, scissors",
        "id": 172,
        "order": 23,
        "prevSize": 32,
        "code": 61636
      },
      "setIdx": 1,
      "setId": 1,
      "iconIdx": 26
    },
    {
      "icon": {
        "paths": [
          "M969.143 219.429q22.857 0 38.857 16t16 38.857v694.857q0 22.857-16 38.857t-38.857 16h-548.571q-22.857 0-38.857-16t-16-38.857v-164.571h-310.857q-22.857 0-38.857-16t-16-38.857v-384q0-22.857 11.429-50.286t27.429-43.429l233.143-233.143q16-16 43.429-27.429t50.286-11.429h237.714q22.857 0 38.857 16t16 38.857v187.429q38.857-22.857 73.143-22.857h237.714zM658.286 341.143l-170.857 170.857h170.857v-170.857zM292.571 121.714l-170.857 170.857h170.857v-170.857zM404.571 491.429l180.571-180.571v-237.714h-219.429v237.714q0 22.857-16 38.857t-38.857 16h-237.714v365.714h292.571v-146.286q0-22.857 11.429-50.286t27.429-43.429zM950.857 950.857v-658.286h-219.429v237.714q0 22.857-16 38.857t-38.857 16h-237.714v365.714h512z"
        ],
        "width": 1024.0010299682617,
        "attrs": [],
        "isMulticolor": false,
        "tags": [
          "copy",
          "files-o"
        ],
        "defaultCode": 61637,
        "grid": 14
      },
      "attrs": [],
      "properties": {
        "name": "copy, files-o",
        "id": 173,
        "order": 24,
        "prevSize": 32,
        "code": 61637
      },
      "setIdx": 1,
      "setId": 1,
      "iconIdx": 27
    },
    {
      "icon": {
        "paths": [
          "M877.714 768v73.143q0 14.857-10.857 25.714t-25.714 10.857h-804.571q-14.857 0-25.714-10.857t-10.857-25.714v-73.143q0-14.857 10.857-25.714t25.714-10.857h804.571q14.857 0 25.714 10.857t10.857 25.714zM877.714 475.429v73.143q0 14.857-10.857 25.714t-25.714 10.857h-804.571q-14.857 0-25.714-10.857t-10.857-25.714v-73.143q0-14.857 10.857-25.714t25.714-10.857h804.571q14.857 0 25.714 10.857t10.857 25.714zM877.714 182.857v73.143q0 14.857-10.857 25.714t-25.714 10.857h-804.571q-14.857 0-25.714-10.857t-10.857-25.714v-73.143q0-14.857 10.857-25.714t25.714-10.857h804.571q14.857 0 25.714 10.857t10.857 25.714z"
        ],
        "width": 877.7149925231934,
        "attrs": [],
        "isMulticolor": false,
        "tags": [
          "bars",
          "navicon",
          "reorder"
        ],
        "defaultCode": 61641,
        "grid": 14
      },
      "attrs": [],
      "properties": {
        "name": "arrange",
        "id": 177,
        "order": 22,
        "prevSize": 32,
        "code": 61641
      },
      "setIdx": 1,
      "setId": 1,
      "iconIdx": 28
    },
    {
      "icon": {
        "paths": [
          "M438.857 950.857h512v-365.714h-237.714q-22.857 0-38.857-16t-16-38.857v-237.714h-219.429v658.286zM585.143 128v-36.571q0-7.429-5.429-12.857t-12.857-5.429h-402.286q-7.429 0-12.857 5.429t-5.429 12.857v36.571q0 7.429 5.429 12.857t12.857 5.429h402.286q7.429 0 12.857-5.429t5.429-12.857zM731.429 512h170.857l-170.857-170.857v170.857zM1024 585.143v384q0 22.857-16 38.857t-38.857 16h-548.571q-22.857 0-38.857-16t-16-38.857v-91.429h-310.857q-22.857 0-38.857-16t-16-38.857v-768q0-22.857 16-38.857t38.857-16h621.714q22.857 0 38.857 16t16 38.857v187.429q12 7.429 20.571 16l233.143 233.143q16 16 27.429 43.429t11.429 50.286z"
        ],
        "width": 1024.0020065307617,
        "attrs": [],
        "isMulticolor": false,
        "tags": [
          "clipboard",
          "paste"
        ],
        "defaultCode": 61674,
        "grid": 14
      },
      "attrs": [],
      "properties": {
        "name": "clipboard, paste",
        "id": 208,
        "order": 25,
        "prevSize": 32,
        "code": 61674
      },
      "setIdx": 1,
      "setId": 1,
      "iconIdx": 29
    },
    {
      "icon": {
        "paths": [
          "M1170.286 219.429h-73.143v585.143h73.143v219.429h-219.429v-73.143h-731.429v73.143h-219.429v-219.429h73.143v-585.143h-73.143v-219.429h219.429v73.143h731.429v-73.143h219.429v219.429zM1024 73.143v73.143h73.143v-73.143h-73.143zM73.143 73.143v73.143h73.143v-73.143h-73.143zM146.286 950.857v-73.143h-73.143v73.143h73.143zM950.857 877.714v-73.143h73.143v-585.143h-73.143v-73.143h-731.429v73.143h-73.143v585.143h73.143v73.143h731.429zM1097.143 950.857v-73.143h-73.143v73.143h73.143zM731.429 365.714h219.429v438.857h-512v-146.286h-219.429v-438.857h512v146.286zM292.571 585.143h365.714v-292.571h-365.714v292.571zM877.714 731.429v-292.571h-146.286v219.429h-219.429v73.143h365.714z"
        ],
        "width": 1170.2849426269531,
        "attrs": [],
        "isMulticolor": false,
        "tags": [
          "object-group"
        ],
        "defaultCode": 62023,
        "grid": 14
      },
      "attrs": [],
      "properties": {
        "name": "group",
        "id": 531,
        "order": 8,
        "prevSize": 32,
        "code": 62023
      },
      "setIdx": 1,
      "setId": 1,
      "iconIdx": 30
    },
    {
      "icon": {
        "paths": [
          "M1316.571 438.857h-73.143v365.714h73.143v219.429h-219.429v-73.143h-512v73.143h-219.429v-219.429h73.143v-73.143h-219.429v73.143h-219.429v-219.429h73.143v-365.714h-73.143v-219.429h219.429v73.143h512v-73.143h219.429v219.429h-73.143v73.143h219.429v-73.143h219.429v219.429zM1170.286 292.571v73.143h73.143v-73.143h-73.143zM804.571 73.143v73.143h73.143v-73.143h-73.143zM73.143 73.143v73.143h73.143v-73.143h-73.143zM146.286 731.429v-73.143h-73.143v73.143h73.143zM877.714 658.286h-73.143v73.143h73.143v-73.143zM219.429 658.286h512v-73.143h73.143v-365.714h-73.143v-73.143h-512v73.143h-73.143v365.714h73.143v73.143zM512 950.857v-73.143h-73.143v73.143h73.143zM1243.429 950.857v-73.143h-73.143v73.143h73.143zM1170.286 804.571v-365.714h-73.143v-73.143h-219.429v219.429h73.143v219.429h-219.429v-73.143h-219.429v73.143h73.143v73.143h512v-73.143h73.143z"
        ],
        "width": 1316.5691528320312,
        "attrs": [],
        "isMulticolor": false,
        "tags": [
          "object-ungroup"
        ],
        "defaultCode": 62024,
        "grid": 14
      },
      "attrs": [],
      "properties": {
        "name": "ungroup",
        "id": 532,
        "order": 7,
        "prevSize": 32,
        "code": 62024
      },
      "setIdx": 1,
      "setId": 1,
      "iconIdx": 31
    },
    {
      "icon": {
        "paths": [
          "M576 662c36 0 64-28 64-64s-28-64-64-64h-150v128h150zM426 278v128h128c36 0 64-28 64-64s-28-64-64-64h-128zM666 460c56 26 92 82 92 146 0 90-68 162-158 162h-302v-598h268c96 0 170 76 170 172 0 44-28 90-70 118z"
        ],
        "attrs": [],
        "isMulticolor": false,
        "tags": [
          "format_bold"
        ],
        "defaultCode": 57912,
        "grid": 24
      },
      "attrs": [],
      "properties": {
        "order": 11,
        "ligatures": "format_bold",
        "id": 324,
        "prevSize": 24,
        "code": 57912,
        "name": "format_bold"
      },
      "setIdx": 1,
      "setId": 1,
      "iconIdx": 32
    },
    {
      "icon": {
        "paths": [
          "M786 452l152-154v384h-384l156-154c-60-50-136-80-220-80-152 0-280 98-324 234l-100-32c58-178 226-308 424-308 114 0 218 42 296 110z"
        ],
        "attrs": [],
        "isMulticolor": false,
        "tags": [
          "redo"
        ],
        "defaultCode": 57690,
        "grid": 24
      },
      "attrs": [],
      "properties": {
        "order": 9,
        "ligatures": "redo",
        "id": 615,
        "prevSize": 24,
        "code": 57690,
        "name": "redo"
      },
      "setIdx": 1,
      "setId": 1,
      "iconIdx": 33
    },
    {
      "icon": {
        "paths": [
          "M534 342c198 0 364 130 424 308l-100 32c-44-136-172-234-324-234-84 0-160 30-220 80l156 154h-384v-384l152 154c78-68 182-110 296-110z"
        ],
        "attrs": [],
        "isMulticolor": false,
        "tags": [
          "undo"
        ],
        "defaultCode": 57702,
        "grid": 24
      },
      "attrs": [],
      "properties": {
        "order": 10,
        "ligatures": "undo",
        "id": 784,
        "prevSize": 24,
        "code": 57702,
        "name": "undo"
      },
      "setIdx": 1,
      "setId": 1,
      "iconIdx": 34
    }
  ],
  "height": 1024,
  "metadata": {
    "name": "icomoon"
  },
  "preferences": {
    "showGlyphs": true,
    "showQuickUse": true,
    "showQuickUse2": true,
    "showSVGs": true,
    "fontPref": {
      "prefix": "icon-",
      "metadata": {
        "fontFamily": "icomoon"
      },
      "metrics": {
        "emSize": 1024,
        "baseline": 6.25,
        "whitespace": 50
      },
      "embed": false
    },
    "imagePref": {
      "prefix": "icon-",
      "png": true,
      "useClassSelector": true,
      "color": 0,
      "bgColor": 16777215,
      "classSelector": ".icon"
    },
    "historySize": 100,
    "showCodes": true,
    "gridSize": 16
  }
}